{
  "1": [
    73.9938799560735,
    18.452650161120545
  ],
  "2": [
    73.99480263597462,
    18.452599275018446
  ],
  "3": [
    73.99466316110585,
    18.451510308819305
  ],
  "4": [
    73.99365465051625,
    18.451601904373096
  ]
}