{
  "1": [
    72.04598976689552,
    26.005818465228472
  ],
  "2": [
    72.02127052861427,
    25.963229308518365
  ],
  "3": [
    72.10469795781349,
    25.97125453206948
  ]
}