{
  "1": [
    77.30666643902917,
    21.81424836173635
  ],
  "2": [
    77.30736381337304,
    21.814333026650516
  ],
  "3": [
    77.30725652501245,
    21.813690568109013
  ]
}